<?xml version="1.0" encoding="UTF-8"?>
<project-private xmlns="http://www.netbeans.org/ns/project-private/1">
    <editor-bookmarks xmlns="http://www.netbeans.org/ns/editor-bookmarks/2" lastBookmarkId="0"/>
    <open-files xmlns="http://www.netbeans.org/ns/projectui-open-files/2">
        <group>
            <file>file:/E:/Ciclo%202016-2017/Proyectos/Java/webCamV1/src/JWebCam.java</file>
            <file>file:/E:/Ciclo%202016-2017/Proyectos/Java/webCamV1/src/Copia.java</file>
            <file>file:/E:/Ciclo%202016-2017/Proyectos/Java/webCamV1/src/WebCamV1.java</file>
        </group>
    </open-files>
</project-private>
