<?xml version="1.0" encoding="UTF-8"?>
<project-private xmlns="http://www.netbeans.org/ns/project-private/1">
    <editor-bookmarks xmlns="http://www.netbeans.org/ns/editor-bookmarks/2" lastBookmarkId="0"/>
    <open-files xmlns="http://www.netbeans.org/ns/projectui-open-files/2">
        <group>
            <file>file:/C:/Users/LuisFernando/Dropbox/7mo%20seemestre/Programación%20Avanzada/Proyecto_APP/src/proyecto_app/Clase_Gerente.java</file>
            <file>file:/C:/Users/LuisFernando/Dropbox/7mo%20seemestre/Programación%20Avanzada/Proyecto_APP/src/proyecto_app/Clase_Magnitud_Fisica.java</file>
            <file>file:/C:/Users/LuisFernando/Dropbox/7mo%20seemestre/Programación%20Avanzada/Proyecto_APP/src/proyecto_app/Clase_Persona.java</file>
            <file>file:/C:/Users/LuisFernando/Dropbox/7mo%20seemestre/Programación%20Avanzada/Proyecto_APP/src/proyecto_app/Clase_Area.java</file>
            <file>file:/C:/Users/LuisFernando/Dropbox/7mo%20seemestre/Programación%20Avanzada/Proyecto_APP/src/proyecto_app/Menu_Principal.java</file>
            <file>file:/C:/Users/LuisFernando/Dropbox/7mo%20seemestre/Programación%20Avanzada/Proyecto_APP/src/proyecto_app/Clase_Personal.java</file>
            <file>file:/C:/Users/LuisFernando/Dropbox/7mo%20seemestre/Programación%20Avanzada/Proyecto_APP/src/proyecto_app/Proyecto_APP.java</file>
            <file>file:/C:/Users/LuisFernando/Dropbox/7mo%20seemestre/Programación%20Avanzada/Proyecto_APP/src/proyecto_app/Clase_Magnitudes_Fisicas.java</file>
        </group>
    </open-files>
</project-private>
